Built,n,prop
3.5.0,76,0.22418879056047197
3.5.1,182,0.5368731563421829
3.5.2,81,0.23893805309734514
